id,municipality,Number,,
1,Aeugst am Albis,29.7,,
2,Affoltern am Albis,35.1,,
3,Bonstetten,27.8,,
4,Hausen am Albis,28.6,,
5,Hedingen,30.4,,
6,Kappel am Albis,29.0,,
7,Knonau,23.7,,
8,Maschwanden,30.7,,
9,Mettmenstetten,25.7,,
10,Obfelden,28.4,,
11,Ottenbach,28.2,,
12,Rifferswil,27.4,,
13,Stallikon,24.8,,
14,Wettswil am Albis,26.0,,
21,Adlikon,20.4,,
22,Benken (ZH),29.8,,
23,Berg am Irchel,26.5,,
24,Buch am Irchel,21.2,,
25,Dachsen,26.1,,
26,Dorf,21.3,,
27,Feuerthalen,35.9,,
28,Flaach,29.1,,
29,Flurlingen,29.7,,
30,Andelfingen,28.7,,
31,Henggart,23.8,,
32,Humlikon,21.4,,
33,Kleinandelfingen,27.9,,
34,Laufen-Uhwiesen,30.9,,
35,Marthalen,31.8,,
37,Ossingen,28.2,,
38,Rheinau,35.4,,
39,Thalheim an der Thur,26.9,,
40,Trüllikon,29.8,,
41,Truttikon,26.4,,
43,Volken,32.9,,
51,Bachenbülach,30.7,,
52,Bassersdorf,29.4,,
53,Bülach,34.0,,
54,Dietlikon,33.8,,
55,Eglisau,27.9,,
56,Embrach,30.0,,
57,Freienstein-Teufen,23.6,,
58,Glattfelden,29.2,,
59,Hochfelden,25.1,,
60,Höri,28.8,,
61,Hüntwangen,23.6,,
62,Kloten,37.6,,
63,Lufingen,24.1,,
64,Nürensdorf,29.9,,
65,Oberembrach,31.2,,
66,Opfikon,39.0,,
67,Rafz,28.3,,
68,Rorbas,29.4,,
69,Wallisellen,35.7,,
70,Wasterkingen,32.7,,
71,Wil (ZH),25.2,,
72,Winkel,27.9,,
81,Bachs,20.1,,
82,Boppelsen,26.1,,
83,Buchs (ZH),30.3,,
84,Dällikon,29.3,,
85,Dänikon,27.4,,
86,Dielsdorf,32.5,,
87,Hüttikon,20.8,,
88,Neerach,29.5,,
89,Niederglatt,30.7,,
90,Niederhasli,28.4,,
91,Niederweningen,26.8,,
92,Oberglatt,34.4,,
93,Oberweningen,24.8,,
94,Otelfingen,25.3,,
95,Regensberg,38.8,,
96,Regensdorf,33.0,,
97,Rümlang,33.0,,
98,Schleinikon,27.6,,
99,Schöfflisdorf,30.1,,
100,Stadel,31.0,,
101,Steinmaur,33.4,,
102,Weiach,31.5,,
111,Bäretswil,27.4,,
112,Bubikon,26.9,,
113,Dürnten,30.2,,
114,Fischenthal,25.8,,
115,Gossau (ZH),29.7,,
116,Grüningen,30.7,,
117,Hinwil,33.2,,
118,Rüti (ZH),38.0,,
119,Seegräben,27.4,,
120,Wald (ZH),34.4,,
121,Wetzikon (ZH),33.3,,
131,Adliswil,38.4,,
135,Kilchberg (ZH),36.6,,
136,Langnau am Albis,32.2,,
137,Oberrieden,35.2,,
138,Richterswil,33.1,,
139,Rüschlikon,30.9,,
141,Thalwil,36.5,,
151,Erlenbach (ZH),32.8,,
152,Herrliberg,32.0,,
153,Hombrechtikon,32.8,,
154,Küsnacht (ZH),36.2,,
155,Männedorf,33.2,,
156,Meilen,33.5,,
157,Oetwil am See,33.8,,
158,Stäfa,34.4,,
159,Uetikon am See,29.3,,
160,Zumikon,33.3,,
161,Zollikon,38.0,,
172,Fehraltorf,27.5,,
173,Hittnau,28.9,,
176,Lindau,25.6,,
177,Pfäffikon,34.4,,
178,Russikon,24.2,,
180,Weisslingen,26.5,,
181,Wila,31.7,,
182,Wildberg,29.4,,
191,Dübendorf,37.4,,
192,Egg,32.7,,
193,Fällanden,33.2,,
194,Greifensee,30.1,,
195,Maur,30.9,,
196,Mönchaltorf,30.8,,
197,Schwerzenbach,34.3,,
198,Uster,34.8,,
199,Volketswil,28.4,,
200,Wangen-Brüttisellen,27.5,,
211,Altikon,28.5,,
213,Brütten,27.8,,
214,Dägerlen,21.1,,
215,Dättlikon,22.1,,
216,Dinhard,24.7,,
218,Ellikon an der Thur,26.2,,
219,Elsau,24.0,,
220,Hagenbuch,31.2,,
221,Hettlingen,23.3,,
223,Neftenbach,27.1,,
224,Pfungen,31.5,,
225,Rickenbach (ZH),27.6,,
226,Schlatt (ZH),23.5,,
227,Seuzach,31.9,,
228,Turbenthal,30.0,,
230,Winterthur,38.5,,
231,Zell (ZH),32.1,,
241,Aesch (ZH),30.3,,
242,Birmensdorf (ZH),33.4,,
243,Dietikon,36.5,,
244,Geroldswil,32.0,,
245,Oberengstringen,38.6,,
246,Oetwil an der Limmat,38.0,,
247,Schlieren,36.0,,
248,Uitikon,27.0,,
249,Unterengstringen,33.1,,
250,Urdorf,36.2,,
251,Weiningen (ZH),30.5,,
261,Zürich,45.1,,
292,Stammheim,26.2,,
293,Wädenswil,33.5,,
294,Elgg,33.7,,
295,Horgen,31.7,,
296,Illnau-Effretikon,35.7,,
297,Bauma,30.9,,
298,Wiesendangen,24.9,,
301,Aarberg,36.0,,
302,Bargen (BE),27.8,,
303,Grossaffoltern,28.7,,
304,Kallnach,28.6,,
305,Kappelen,31.1,,
306,Lyss,34.7,,
307,Meikirch,29.3,,
309,Radelfingen,30.9,,
310,Rapperswil (BE),29.3,,
311,Schüpfen,33.1,,
312,Seedorf (BE),32.6,,
321,Aarwangen,31.2,,
322,Auswil,30.3,,
323,Bannwil,35.4,,
324,Bleienbach,30.8,,
325,Busswil bei Melchnau,34.5,,
326,Gondiswil,32.8,,
329,Langenthal,39.9,,
331,Lotzwil,34.2,,
332,Madiswil,33.7,,
333,Melchnau,33.6,,
334,Obersteckholz,30.9,,
335,Oeschenbach,31.7,,
336,Reisiswil,35.1,,
337,Roggwil (BE),32.8,,
338,Rohrbach,35.4,,
339,Rohrbachgraben,22.8,,
340,Rütschelen,28.6,,
341,Schwarzhäusern,23.0,,
342,Thunstetten,29.9,,
344,Ursenbach,33.5,,
345,Wynau,33.9,,
351,Bern,46.2,,
352,Bolligen,31.5,,
353,Bremgarten bei Bern,29.9,,
354,Kirchlindach,32.1,,
355,Köniz,36.7,,
356,Muri bei Bern,35.9,,
357,Oberbalm,34.0,,
358,Stettlen,31.1,,
359,Vechigen,29.4,,
360,Wohlen bei Bern,31.7,,
361,Zollikofen,37.5,,
362,Ittigen,36.9,,
363,Ostermundigen,41.2,,
371,Biel/Bienne,44.0,,
372,Evilard,26.8,,
381,Arch,33.7,,
382,Büetigen,22.6,,
383,Büren an der Aare,37.3,,
385,Diessbach bei Büren,25.4,,
386,Dotzigen,24.7,,
387,Lengnau (BE),33.7,,
388,Leuzigen,30.3,,
389,Meienried,30.4,,
390,Meinisberg,28.5,,
391,Oberwil bei Büren,30.5,,
392,Pieterlen,33.9,,
393,Rüti bei Büren,33.3,,
394,Wengi,34.8,,
401,Aefligen,31.7,,
402,Alchenstorf,29.5,,
403,Bäriswil,27.7,,
404,Burgdorf,40.4,,
405,Ersigen,31.0,,
406,Hasle bei Burgdorf,31.9,,
407,Heimiswil,29.2,,
408,Hellsau,23.8,,
409,Hindelbank,32.3,,
410,Höchstetten,33.3,,
411,Kernenried,22.5,,
412,Kirchberg (BE),33.6,,
413,Koppigen,32.0,,
414,Krauchthal,28.5,,
415,Lyssach,33.2,,
416,Mötschwil,25.5,,
418,Oberburg,32.4,,
420,Rüdtligen-Alchenflüh,37.1,,
421,Rumendingen,37.1,,
422,Rüti bei Lyssach,35.1,,
423,Willadingen,30.9,,
424,Wynigen,32.0,,
431,Corgémont,32.4,,
432,Cormoret,34.8,,
433,Cortébert,33.3,,
434,Courtelary,29.3,,
435,La Ferrière,28.6,,
437,Mont-Tramelan,34.9,,
438,Orvin,36.5,,
441,Renan (BE),36.5,,
442,Romont (BE),21.1,,
443,Saint-Imier,45.8,,
444,Sonceboz-Sombeval,30.4,,
445,Sonvilier,37.5,,
446,Tramelan,38.9,,
448,Villeret,36.9,,
449,Sauge,36.6,,
450,Péry-La Heutte,36.1,,
491,Brüttelen,29.8,,
492,Erlach,36.2,,
493,Finsterhennen,22.3,,
494,Gals,32.8,,
495,Gampelen,26.2,,
496,Ins,32.6,,
497,Lüscherz,40.5,,
498,Müntschemier,27.6,,
499,Siselen,27.7,,
500,Treiten,32.1,,
501,Tschugg,40.9,,
502,Vinelz,31.7,,
533,Bätterkinden,27.3,,
535,Deisswil bei Münchenbuchsee,26.2,,
536,Diemerswil,21.9,,
538,Fraubrunnen,27.0,,
540,Jegenstorf,32.9,,
541,Iffwil,21.7,,
543,Mattstetten,25.7,,
544,Moosseedorf,35.0,,
546,Münchenbuchsee,34.6,,
551,Urtenen-Schönbühl,33.7,,
552,Utzenstorf,33.4,,
553,Wiggiswil,39.1,,
554,Wiler bei Utzenstorf,29.2,,
556,Zielebach,25.5,,
557,Zuzwil (BE),24.3,,
561,Adelboden,37.1,,
562,Aeschi bei Spiez,35.1,,
563,Frutigen,33.5,,
564,Kandergrund,34.9,,
565,Kandersteg,42.9,,
566,Krattigen,34.3,,
567,Reichenbach im Kandertal,34.7,,
571,Beatenberg,45.4,,
572,Bönigen,36.8,,
573,Brienz (BE),40.7,,
574,Brienzwiler,42.9,,
575,Därligen,37.3,,
576,Grindelwald,43.7,,
577,Gsteigwiler,37.8,,
578,Gündlischwand,32.7,,
579,Habkern,32.6,,
580,Hofstetten bei Brienz,30.3,,
581,Interlaken,43.3,,
582,Iseltwald,39.7,,
584,Lauterbrunnen,46.7,,
585,Leissigen,33.0,,
586,Lütschental,39.6,,
587,Matten bei Interlaken,35.6,,
588,Niederried bei Interlaken,35.7,,
589,Oberried am Brienzersee,43.8,,
590,Ringgenberg (BE),39.4,,
591,Saxeten,40.0,,
592,Schwanden bei Brienz,37.9,,
593,Unterseen,38.5,,
594,Wilderswil,37.6,,
602,Arni (BE),31.7,,
603,Biglen,32.8,,
605,Bowil,31.6,,
606,Brenzikofen,31.7,,
607,Freimettigen,29.9,,
608,Grosshöchstetten,31.9,,
609,Häutligen,26.7,,
610,Herbligen,28.5,,
611,Kiesen,27.7,,
612,Konolfingen,35.4,,
613,Landiswil,25.7,,
614,Linden,31.9,,
615,Mirchel,26.5,,
616,Münsingen,33.2,,
617,Niederhünigen,28.4,,
619,Oberdiessbach,29.5,,
620,Oberthal,34.3,,
622,Oppligen,30.5,,
623,Rubigen,30.2,,
626,Walkringen,34.0,,
627,Worb,35.7,,
628,Zäziwil,31.8,,
629,Oberhünigen,25.6,,
630,Allmendingen,24.9,,
632,Wichtrach,30.4,,
661,Clavaleyres,31.6,,
662,Ferenbalm,26.6,,
663,Frauenkappelen,33.3,,
665,Gurbrü,22.2,,
666,Kriechenwil,35.5,,
667,Laupen,38.6,,
668,Mühleberg,31.3,,
669,Münchenwiler,26.1,,
670,Neuenegg,31.1,,
671,Wileroltigen,22.5,,
681,Belprahon,24.0,,
683,Champoz,21.9,,
687,Corcelles (BE),38.3,,
690,Court,29.8,,
691,Crémines,38.4,,
692,Eschert,28.9,,
694,Grandval,32.2,,
696,Loveresse,29.5,,
700,Moutier,40.4,,
701,Perrefitte,33.3,,
703,Reconvilier,37.6,,
704,Roches (BE),41.2,,
706,Saicourt,28.9,,
707,Saules (BE),28.8,,
708,Schelten,42.9,,
709,Seehof,39.1,,
711,Sorvilier,36.1,,
713,Tavannes,40.2,,
715,Rebévelier,18.8,,
716,Petit-Val,29.4,,
717,Valbirse,34.8,,
723,La Neuveville,39.2,,
724,Nods,28.8,,
726,Plateau de Diesse,32.9,,
731,Aegerten,36.4,,
732,Bellmund,20.3,,
733,Brügg,40.2,,
734,Bühl,30.6,,
735,Epsach,18.8,,
736,Hagneck,20.0,,
737,Hermrigen,23.3,,
738,Jens,23.2,,
739,Ipsach,33.5,,
740,Ligerz,37.1,,
741,Merzligen,27.1,,
742,Mörigen,23.3,,
743,Nidau,45.3,,
744,Orpund,34.7,,
745,Port,31.3,,
746,Safnern,28.3,,
747,Scheuren,25.5,,
748,Schwadernau,25.1,,
749,Studen (BE),31.0,,
750,Sutz-Lattrigen,28.3,,
751,Täuffelen,31.3,,
754,Walperswil,22.3,,
755,Worben,30.5,,
756,Twann-Tüscherz,38.1,,
761,Därstetten,33.1,,
762,Diemtigen,32.3,,
763,Erlenbach im Simmental,37.2,,
766,Oberwil im Simmental,31.1,,
767,Reutigen,33.0,,
768,Spiez,36.2,,
769,Wimmis,33.3,,
770,Stocken-Höfen,29.3,,
782,Guttannen,33.6,,
783,Hasliberg,34.0,,
784,Innertkirchen,35.5,,
785,Meiringen,38.0,,
786,Schattenhalb,36.7,,
791,Boltigen,32.1,,
792,Lenk,36.7,,
793,St. Stephan,35.6,,
794,Zweisimmen,35.7,,
841,Gsteig,40.1,,
842,Lauenen,34.4,,
843,Saanen,43.0,,
852,Guggisberg,31.4,,
853,Rüschegg,36.0,,
855,Schwarzenburg,34.2,,
861,Belp,34.8,,
863,Burgistein,30.9,,
866,Gerzensee,29.8,,
867,Gurzelen,28.1,,
868,Jaberg,26.7,,
869,Kaufdorf,24.3,,
870,Kehrsatz,31.7,,
872,Kirchdorf (BE),29.5,,
873,Kirchenthurnen,33.1,,
874,Lohnstorf,25.3,,
876,Mühlethurnen,29.1,,
877,Niedermuhlern,27.6,,
879,Riggisberg,31.7,,
880,Rüeggisberg,36.6,,
881,Rümligen,31.3,,
883,Seftigen,31.8,,
884,Toffen,29.9,,
885,Uttigen,25.6,,
886,Wattenwil,32.3,,
888,Wald (BE),29.3,,
901,Eggiwil,26.7,,
902,Langnau im Emmental,35.1,,
903,Lauperswil,30.5,,
904,Röthenbach im Emmental,31.3,,
905,Rüderswil,31.9,,
906,Schangnau,31.9,,
907,Signau,34.1,,
908,Trub,27.1,,
909,Trubschachen,33.2,,
921,Amsoldingen,30.2,,
922,Blumenstein,30.2,,
923,Buchholterberg,25.0,,
924,Eriz,31.4,,
925,Fahrni,28.4,,
927,Heiligenschwendi,43.5,,
928,Heimberg,30.7,,
929,Hilterfingen,41.3,,
931,Homberg,27.4,,
932,Horrenbach-Buchen,34.7,,
934,Oberhofen am Thunersee,39.4,,
935,Oberlangenegg,32.0,,
936,Pohlern,34.3,,
937,Schwendibach,37.6,,
938,Sigriswil,41.1,,
939,Steffisburg,36.9,,
940,Teuffenthal (BE),32.9,,
941,Thierachern,28.4,,
942,Thun,39.3,,
943,Uebeschi,26.2,,
944,Uetendorf,31.4,,
945,Unterlangenegg,30.0,,
946,Wachseldorn,34.3,,
947,Zwieselberg,23.2,,
948,Forst-Längenbühl,32.9,,
951,Affoltern im Emmental,34.4,,
952,Dürrenroth,30.9,,
953,Eriswil,31.6,,
954,Huttwil,38.1,,
955,Lützelflüh,32.3,,
956,Rüegsau,34.5,,
957,Sumiswald,36.2,,
958,Trachselwald,31.4,,
959,Walterswil (BE),23.9,,
960,Wyssachen,30.0,,
971,Attiswil,30.2,,
972,Berken,38.1,,
973,Bettenhausen,33.1,,
975,Farnern,27.4,,
976,Graben,32.2,,
977,Heimenhausen,29.4,,
979,Herzogenbuchsee,35.7,,
980,Inkwil,33.6,,
981,Niederbipp,32.3,,
982,Niederönz,30.3,,
983,Oberbipp,32.4,,
985,Ochlenberg,31.4,,
987,Rumisberg,27.6,,
988,Seeberg,33.7,,
989,Thörigen,32.9,,
990,Walliswil bei Niederbipp,40.7,,
991,Walliswil bei Wangen,34.1,,
992,Wangen an der Aare,36.2,,
993,Wangenried,30.3,,
995,Wiedlisbach,38.3,,
996,Wolfisberg,36.4,,
1001,Doppleschwand,31.4,,
1002,Entlebuch,32.1,,
1004,Flühli,35.2,,
1005,Hasle (LU),30.6,,
1007,Romoos,26.1,,
1008,Schüpfheim,28.8,,
1009,Werthenstein,28.1,,
1010,Escholzmatt-Marbach,33.4,,
1021,Aesch (LU),29.4,,
1022,Altwis,19.6,,
1023,Ballwil,27.7,,
1024,Emmen,36.1,,
1025,Ermensee,25.8,,
1026,Eschenbach (LU),26.8,,
1030,Hitzkirch,24.7,,
1031,Hochdorf,30.6,,
1032,Hohenrain,24.0,,
1033,Inwil,29.6,,
1037,Rain,22.8,,
1039,Römerswil,26.8,,
1040,Rothenburg,24.5,,
1041,Schongau,25.2,,
1051,Adligenswil,26.0,,
1052,Buchrain,25.4,,
1053,Dierikon,27.3,,
1054,Ebikon,32.0,,
1055,Gisikon,28.3,,
1056,Greppen,26.9,,
1057,Honau,22.5,,
1058,Horw,38.3,,
1059,Kriens,35.9,,
1061,Luzern,45.7,,
1062,Malters,30.6,,
1063,Meggen,31.7,,
1064,Meierskappel,25.5,,
1065,Root,26.2,,
1066,Schwarzenberg,26.2,,
1067,Udligenswil,24.4,,
1068,Vitznau,38.5,,
1069,Weggis,37.7,,
1081,Beromünster,29.0,,
1082,Büron,26.9,,
1083,Buttisholz,25.8,,
1084,Eich,26.6,,
1085,Geuensee,24.3,,
1086,Grosswangen,27.4,,
1088,Hildisrieden,24.1,,
1089,Knutwil,27.4,,
1091,Mauensee,25.5,,
1093,Neuenkirch,25.6,,
1094,Nottwil,27.1,,
1095,Oberkirch,25.9,,
1097,Rickenbach (LU),26.2,,
1098,Ruswil,28.1,,
1099,Schenkon,24.7,,
1100,Schlierbach,21.9,,
1102,Sempach,25.8,,
1103,Sursee,35.1,,
1104,Triengen,25.8,,
1107,Wolhusen,30.5,,
1121,Alberswil,25.7,,
1122,Altbüron,22.5,,
1123,Altishofen,24.3,,
1125,Dagmersellen,28.8,,
1126,Ebersecken,23.8,,
1127,Egolzwil,30.8,,
1128,Ettiswil,30.2,,
1129,Fischbach,25.5,,
1130,Gettnau,29.0,,
1131,Grossdietwil,27.6,,
1132,Hergiswil bei Willisau,25.2,,
1135,Luthern,25.3,,
1136,Menznau,29.2,,
1137,Nebikon,27.1,,
1139,Pfaffnau,31.5,,
1140,Reiden,32.4,,
1142,Roggliswil,26.1,,
1143,Schötz,29.5,,
1145,Ufhusen,27.5,,
1146,Wauwil,26.4,,
1147,Wikon,30.3,,
1150,Zell (LU),28.4,,
1151,Willisau,31.6,,
1201,Altdorf (UR),35.2,,
1202,Andermatt,44.0,,
1203,Attinghausen,26.9,,
1204,Bauen,38.5,,
1205,Bürglen (UR),27.2,,
1206,Erstfeld,33.7,,
1207,Flüelen,32.6,,
1208,Göschenen,36.1,,
1209,Gurtnellen,36.5,,
1210,Hospental,43.3,,
1211,Isenthal,18.9,,
1212,Realp,42.3,,
1213,Schattdorf,25.3,,
1214,Seedorf (UR),24.6,,
1215,Seelisberg,38.5,,
1216,Silenen,29.4,,
1217,Sisikon,40.0,,
1218,Spiringen,23.7,,
1219,Unterschächen,26.3,,
1220,Wassen,36.8,,
1301,Einsiedeln,33.7,,
1311,Gersau,37.4,,
1321,Feusisberg,31.5,,
1322,Freienbach,33.8,,
1323,Wollerau,30.9,,
1331,Küssnacht (SZ),32.9,,
1341,Altendorf,30.1,,
1342,Galgenen,29.6,,
1343,Innerthal,34.2,,
1344,Lachen,34.7,,
1345,Reichenburg,28.2,,
1346,Schübelbach,32.4,,
1347,Tuggen,29.7,,
1348,Vorderthal,33.8,,
1349,Wangen (SZ),30.5,,
1361,Alpthal,32.8,,
1362,Arth,31.5,,
1363,Illgau,27.9,,
1364,Ingenbohl,35.1,,
1365,Lauerz,26.6,,
1366,Morschach,35.3,,
1367,Muotathal,30.6,,
1368,Oberiberg,41.9,,
1369,Riemenstalden,29.0,,
1370,Rothenthurm,30.1,,
1371,Sattel,32.0,,
1372,Schwyz,34.3,,
1373,Steinen,29.9,,
1374,Steinerberg,27.2,,
1375,Unteriberg,36.7,,
1401,Alpnach,31.1,,
1402,Engelberg,41.1,,
1403,Giswil,29.6,,
1404,Kerns,29.4,,
1405,Lungern,34.9,,
1406,Sachseln,29.3,,
1407,Sarnen,32.8,,
1501,Beckenried,31.3,,
1502,Buochs,31.1,,
1503,Dallenwil,29.5,,
1504,Emmetten,39.0,,
1505,Ennetbürgen,35.0,,
1506,Ennetmoos,25.9,,
1507,Hergiswil (NW),36.3,,
1508,Oberdorf (NW),27.9,,
1509,Stans,32.7,,
1510,Stansstad,35.4,,
1511,Wolfenschiessen,29.2,,
1630,Glarus Nord,34.0,,
1631,Glarus Süd,37.4,,
1632,Glarus,36.7,,
1701,Baar,33.2,,
1702,Cham,29.5,,
1703,Hünenberg,24.7,,
1704,Menzingen,28.6,,
1705,Neuheim,26.4,,
1706,Oberägeri,31.0,,
1707,Risch,28.2,,
1708,Steinhausen,28.7,,
1709,Unterägeri,32.8,,
1710,Walchwil,31.1,,
1711,Zug,38.2,,
2008,Châtillon (FR),26.3,,
2009,Cheiry,31.7,,
2011,Cugy (FR),30.0,,
2016,Fétigny,27.4,,
2022,Gletterens,23.2,,
2025,Lully (FR),25.4,,
2027,Ménières,21.9,,
2029,Montagny (FR),29.9,,
2035,Nuvilly,24.0,,
2038,Prévondavaux,28.1,,
2041,Saint-Aubin (FR),28.7,,
2043,Sévaz,28.2,,
2044,Surpierre,29.1,,
2045,Vallon,34.2,,
2050,Les Montets,31.7,,
2051,Delley-Portalban,31.5,,
2053,Belmont-Broye,28.7,,
2054,Estavayer,31.7,,
2055,Cheyres-Châbles,30.2,,
2061,Auboranges,25.2,,
2063,Billens-Hennens,29.0,,
2066,Chapelle (Glâne),13.0,,
2067,Le Châtelard,22.1,,
2068,Châtonnaye,27.9,,
2072,Ecublens (FR),22.7,,
2079,Grangettes,30.6,,
2086,Massonnens,24.6,,
2087,Mézières (FR),22.6,,
2089,Montet (Glâne),17.5,,
2096,Romont (FR),36.3,,
2097,Rue,29.3,,
2099,Siviriez,27.8,,
2102,Ursy,26.9,,
2111,Villaz-Saint-Pierre,31.0,,
2113,Vuisternens-devant-Romont,26.2,,
2114,Villorsonnens,26.3,,
2115,Torny,25.1,,
2116,La Folliaz,24.7,,
2121,Haut-Intyamon,36.5,,
2122,Pont-en-Ogoz,29.8,,
2123,Botterens,27.4,,
2124,Broc,38.6,,
2125,Bulle,37.0,,
2128,Châtel-sur-Montsalvens,26.8,,
2129,Corbières,24.9,,
2130,Crésuz,41.8,,
2131,Echarlens,24.1,,
2134,Grandvillard,29.3,,
2135,Gruyères,31.7,,
2137,Hauteville,26.8,,
2138,Jaun,26.4,,
2140,Marsens,26.1,,
2143,Morlon,27.7,,
2145,Le Pâquier (FR),25.4,,
2147,Pont-la-Ville,21.0,,
2148,Riaz,28.3,,
2149,La Roche,27.0,,
2152,Sâles,23.5,,
2153,Sorens,27.7,,
2155,Vaulruz,27.3,,
2160,Vuadens,29.4,,
2162,Bas-Intyamon,31.8,,
2163,Val-de-Charmey,37.3,,
2171,Arconciel,24.8,,
2173,Autigny,29.0,,
2174,Avry,25.8,,
2175,Belfaux,25.7,,
2177,Chénens,21.2,,
2183,Corminboeuf,20.0,,
2185,Corserey,24.2,,
2186,Cottens (FR),24.9,,
2189,Ependes (FR),24.4,,
2194,Ferpicloz,17.2,,
2196,Fribourg,43.1,,
2197,Givisiez,28.8,,
2198,Granges-Paccot,32.8,,
2200,Grolley,26.7,,
2206,Marly,30.3,,
2208,Matran,27.0,,
2211,Neyruz (FR),24.7,,
2213,Noréaz,20.6,,
2216,Pierrafortscha,20.0,,
2217,Ponthaux,18.3,,
2220,Le Mouret,28.7,,
2221,Prez-vers-Noréaz,23.9,,
2225,Senèdes,24.6,,
2226,Treyvaux,26.8,,
2228,Villars-sur-Glâne,32.0,,
2230,Villarsel-sur-Marly,20.0,,
2233,Hauterive (FR),27.3,,
2234,La Brillaz,25.6,,
2235,La Sonnaz,23.6,,
2236,Gibloux,26.7,,
2250,Courgevaux,21.5,,
2254,Courtepin,26.4,,
2257,Cressier (FR),26.4,,
2258,Fräschels,24.7,,
2259,Galmiz,33.3,,
2260,Gempenach,29.5,,
2261,Greng,23.3,,
2262,Gurmels,22.7,,
2265,Kerzers,26.6,,
2266,Kleinbösingen,21.8,,
2271,Meyriez,27.1,,
2272,Misery-Courtion,25.1,,
2274,Muntelier,32.3,,
2275,Murten,32.8,,
2276,Ried bei Kerzers,26.8,,
2278,Ulmiz,21.5,,
2284,Mont-Vully,28.1,,
2291,Alterswil,28.8,,
2292,Brünisried,30.2,,
2293,Düdingen,32.2,,
2294,Giffers,31.4,,
2295,Bösingen,25.9,,
2296,Heitenried,27.8,,
2299,Plaffeien,35.0,,
2300,Plasselb,35.3,,
2301,Rechthalten,34.2,,
2302,St. Antoni,28.4,,
2303,St. Silvester,27.4,,
2304,St. Ursen,28.9,,
2305,Schmitten (FR),25.4,,
2306,Tafers,30.8,,
2307,Tentlingen,29.9,,
2308,Ueberstorf,30.3,,
2309,Wünnewil-Flamatt,32.1,,
2321,Attalens,25.2,,
2323,Bossonnens,29.0,,
2325,Châtel-Saint-Denis,35.6,,
2328,Granges (Veveyse),25.5,,
2333,Remaufens,23.4,,
2335,Saint-Martin (FR),23.6,,
2336,Semsales,29.2,,
2337,Le Flon,26.0,,
2338,La Verrerie,27.9,,
2401,Egerkingen,33.0,,
2402,Härkingen,27.4,,
2403,Kestenholz,31.9,,
2404,Neuendorf,30.6,,
2405,Niederbuchsiten,34.0,,
2406,Oberbuchsiten,30.5,,
2407,Oensingen,34.7,,
2408,Wolfwil,28.6,,
2421,Aedermannsdorf,25.4,,
2422,Balsthal,33.3,,
2423,Gänsbrunnen,31.3,,
2424,Herbetswil,27.6,,
2425,Holderbank (SO),41.0,,
2426,Laupersdorf,27.0,,
2427,Matzendorf,28.0,,
2428,Mümliswil-Ramiswil,35.0,,
2429,Welschenrohr,36.0,,
2445,Biezwil,23.9,,
2455,Lüterkofen-Ichertswil,28.1,,
2456,Lüterswil-Gächliwil,30.8,,
2457,Messen,27.1,,
2461,Schnottwil,27.7,,
2463,Unterramsern,21.3,,
2464,Lüsslingen-Nennigkofen,30.7,,
2465,Buchegg,27.0,,
2471,Bättwil,23.4,,
2472,Büren (SO),25.7,,
2473,Dornach,38.1,,
2474,Gempen,27.4,,
2475,Hochwald,22.6,,
2476,Hofstetten-Flüh,22.5,,
2477,Metzerlen-Mariastein,32.0,,
2478,Nuglar-St. Pantaleon,25.2,,
2479,Rodersdorf,23.8,,
2480,Seewen,36.7,,
2481,Witterswil,23.5,,
2491,Hauenstein-Ifenthal,28.1,,
2492,Kienberg,28.2,,
2493,Lostorf,26.2,,
2495,Niedergösgen,31.1,,
2497,Obergösgen,35.8,,
2498,Rohr (SO),21.6,,
2499,Stüsslingen,26.4,,
2500,Trimbach,36.5,,
2501,Winznau,34.5,,
2502,Wisen (SO),25.0,,
2503,Erlinsbach (SO),31.3,,
2511,Aeschi (SO),27.5,,
2513,Biberist,34.9,,
2514,Bolken,23.5,,
2516,Deitingen,28.0,,
2517,Derendingen,35.4,,
2518,Etziken,28.3,,
2519,Gerlafingen,35.9,,
2520,Halten,25.4,,
2523,Horriwil,23.4,,
2524,Hüniken,18.0,,
2525,Kriegstetten,29.4,,
2526,Lohn-Ammannsegg,27.2,,
2527,Luterbach,34.6,,
2528,Obergerlafingen,29.6,,
2529,Oekingen,26.5,,
2530,Recherswil,27.7,,
2532,Subingen,30.6,,
2534,Zuchwil,41.5,,
2535,Drei Höfe,21.7,,
2541,Balm bei Günsberg,20.0,,
2542,Bellach,34.8,,
2543,Bettlach,36.3,,
2544,Feldbrunnen-St. Niklaus,32.9,,
2545,Flumenthal,34.9,,
2546,Grenchen,39.7,,
2547,Günsberg,32.1,,
2548,Hubersdorf,22.7,,
2549,Kammersrohr,35.7,,
2550,Langendorf,39.5,,
2551,Lommiswil,26.7,,
2553,Oberdorf (SO),29.7,,
2554,Riedholz,28.1,,
2555,Rüttenen,34.1,,
2556,Selzach,30.3,,
2571,Boningen,31.5,,
2572,Däniken,33.1,,
2573,Dulliken,35.3,,
2574,Eppenberg-Wöschnau,39.5,,
2575,Fulenbach,32.4,,
2576,Gretzenbach,27.2,,
2578,Gunzgen,34.3,,
2579,Hägendorf,30.6,,
2580,Kappel (SO),29.5,,
2581,Olten,45.1,,
2582,Rickenbach (SO),30.3,,
2583,Schönenwerd,34.1,,
2584,Starrkirch-Wil,25.8,,
2585,Walterswil (SO),27.8,,
2586,Wangen bei Olten,34.3,,
2601,Solothurn,45.7,,
2611,Bärschwil,30.2,,
2612,Beinwil (SO),32.0,,
2613,Breitenbach,30.7,,
2614,Büsserach,30.6,,
2615,Erschwil,24.9,,
2616,Fehren,29.7,,
2617,Grindel,27.4,,
2618,Himmelried,31.6,,
2619,Kleinlützel,31.6,,
2620,Meltingen,26.1,,
2621,Nunningen,31.6,,
2622,Zullwil,35.5,,
2701,Basel,48.7,,
2702,Bettingen,31.6,,
2703,Riehen,36.1,,
2761,Aesch (BL),32.2,,
2762,Allschwil,38.1,,
2763,Arlesheim,37.8,,
2764,Biel-Benken,23.4,,
2765,Binningen,38.0,,
2766,Birsfelden,43.9,,
2767,Bottmingen,32.5,,
2768,Ettingen,30.8,,
2769,Münchenstein,34.7,,
2770,Muttenz,34.7,,
2771,Oberwil (BL),31.4,,
2772,Pfeffingen,20.2,,
2773,Reinach (BL),33.4,,
2774,Schönenbuch,23.5,,
2775,Therwil,30.2,,
2781,Blauen,25.5,,
2782,Brislach,24.5,,
2783,Burg im Leimental,32.8,,
2784,Dittingen,34.1,,
2785,Duggingen,30.2,,
2786,Grellingen,31.7,,
2787,Laufen,37.8,,
2788,Liesberg,39.4,,
2789,Nenzlingen,24.7,,
2790,Roggenburg,35.7,,
2791,Röschenz,26.8,,
2792,Wahlen,25.8,,
2793,Zwingen,31.4,,
2821,Arisdorf,22.3,,
2822,Augst,40.1,,
2823,Bubendorf,25.2,,
2824,Frenkendorf,33.9,,
2825,Füllinsdorf,35.2,,
2826,Giebenach,24.2,,
2827,Hersberg,24.5,,
2828,Lausen,29.2,,
2829,Liestal,35.9,,
2830,Lupsingen,25.7,,
2831,Pratteln,35.7,,
2832,Ramlinsburg,21.4,,
2833,Seltisberg,27.8,,
2834,Ziefen,22.1,,
2841,Anwil,23.6,,
2842,Böckten,27.2,,
2843,Buckten,30.0,,
2844,Buus,26.0,,
2845,Diepflingen,26.7,,
2846,Gelterkinden,31.8,,
2847,Häfelfingen,29.2,,
2848,Hemmiken,36.8,,
2849,Itingen,24.8,,
2850,Känerkinden,29.4,,
2851,Kilchberg (BL),17.7,,
2852,Läufelfingen,31.1,,
2853,Maisprach,29.1,,
2854,Nusshof,17.8,,
2855,Oltingen,31.8,,
2856,Ormalingen,28.5,,
2857,Rickenbach (BL),28.3,,
2858,Rothenfluh,32.2,,
2859,Rümlingen,25.7,,
2860,Rünenberg,30.9,,
2861,Sissach,33.9,,
2862,Tecknau,21.0,,
2863,Tenniken,26.3,,
2864,Thürnen,31.4,,
2865,Wenslingen,27.7,,
2866,Wintersingen,27.4,,
2867,Wittinsburg,24.4,,
2868,Zeglingen,28.0,,
2869,Zunzgen,29.3,,
2881,Arboldswil,22.4,,
2882,Bennwil,23.2,,
2883,Bretzwil,25.7,,
2884,Diegten,25.7,,
2885,Eptingen,34.0,,
2886,Hölstein,25.0,,
2887,Lampenberg,29.6,,
2888,Langenbruck,40.5,,
2889,Lauwil,28.0,,
2890,Liedertswil,37.5,,
2891,Niederdorf,30.6,,
2892,Oberdorf (BL),29.2,,
2893,Reigoldswil,30.6,,
2894,Titterten,31.9,,
2895,Waldenburg,39.2,,
2901,Gächlingen,34.4,,
2903,Löhningen,25.0,,
2904,Neunkirch,32.9,,
2914,Büttenhardt,21.1,,
2915,Dörflingen,22.0,,
2917,Lohn (SH),26.6,,
2919,Stetten (SH),20.2,,
2920,Thayngen,35.1,,
2931,Bargen (SH),34.0,,
2932,Beringen,32.3,,
2933,Buchberg,27.9,,
2936,Merishausen,27.7,,
2937,Neuhausen am Rheinfall,42.1,,
2938,Rüdlingen,25.1,,
2939,Schaffhausen,41.2,,
2951,Beggingen,33.2,,
2952,Schleitheim,35.5,,
2953,Siblingen,26.9,,
2961,Buch (SH),30.6,,
2962,Hemishofen,28.4,,
2963,Ramsen,33.6,,
2964,Stein am Rhein,40.3,,
2971,Hallau,33.6,,
2972,Oberhallau,26.7,,
2973,Trasadingen,34.6,,
2974,Wilchingen,27.7,,
3001,Herisau,38.5,,
3002,Hundwil,26.8,,
3003,Schönengrund,31.8,,
3004,Schwellbrunn,27.8,,
3005,Stein (AR),27.2,,
3006,Urnäsch,33.0,,
3007,Waldstatt,27.6,,
3021,Bühler,33.5,,
3022,Gais,30.7,,
3023,Speicher,31.3,,
3024,Teufen (AR),34.1,,
3025,Trogen,31.2,,
3031,Grub (AR),28.3,,
3032,Heiden,36.5,,
3033,Lutzenberg,26.4,,
3034,Rehetobel,30.5,,
3035,Reute (AR),31.5,,
3036,Wald (AR),32.3,,
3037,Walzenhausen,38.1,,
3038,Wolfhalden,31.6,,
3101,Appenzell,34.3,,
3102,Gonten,32.1,,
3103,Rüte,27.9,,
3104,Schlatt-Haslen,27.0,,
3105,Schwende,26.0,,
3111,Oberegg,30.9,,
3201,Häggenschwil,21.6,,
3202,Muolen,26.4,,
3203,St. Gallen,45.5,,
3204,Wittenbach,33.0,,
3211,Berg (SG),23.5,,
3212,Eggersriet,26.6,,
3213,Goldach,34.9,,
3214,Mörschwil,26.1,,
3215,Rorschach,47.8,,
3216,Rorschacherberg,32.0,,
3217,Steinach,33.2,,
3218,Tübach,26.0,,
3219,Untereggen,20.4,,
3231,Au (SG),36.3,,
3232,Balgach,31.9,,
3233,Berneck,30.1,,
3234,Diepoldsau,27.0,,
3235,Rheineck,39.2,,
3236,St. Margrethen,34.8,,
3237,Thal,32.2,,
3238,Widnau,30.5,,
3251,Altstätten,36.4,,
3252,Eichberg,28.6,,
3253,Marbach (SG),27.6,,
3254,Oberriet (SG),27.9,,
3255,Rebstein,33.9,,
3256,Rüthi (SG),28.6,,
3271,Buchs (SG),36.8,,
3272,Gams,26.8,,
3273,Grabs,31.0,,
3274,Sennwald,32.0,,
3275,Sevelen,35.3,,
3276,Wartau,30.9,,
3291,Bad Ragaz,39.9,,
3292,Flums,32.7,,
3293,Mels,31.0,,
3294,Pfäfers,35.9,,
3295,Quarten,35.1,,
3296,Sargans,36.5,,
3297,Vilters-Wangs,27.9,,
3298,Walenstadt,34.3,,
3311,Amden,36.1,,
3312,Benken (SG),27.9,,
3313,Kaltbrunn,30.0,,
3315,Schänis,28.5,,
3316,Weesen,37.9,,
3338,Schmerikon,31.4,,
3339,Uznach,31.5,,
3340,Rapperswil-Jona,35.7,,
3341,Gommiswald,30.7,,
3342,Eschenbach (SG),28.7,,
3352,Ebnat-Kappel,35.2,,
3359,Wildhaus-Alt St. Johann,37.7,,
3360,Nesslau,36.4,,
3372,Hemberg,31.3,,
3374,Lichtensteig,43.8,,
3375,Oberhelfenschwil,26.7,,
3378,Neckertal,29.6,,
3379,Wattwil,35.3,,
3392,Kirchberg (SG),28.6,,
3393,Lütisburg,22.5,,
3394,Mosnang,26.0,,
3395,Bütschwil-Ganterschwil,29.8,,
3401,Degersheim,32.3,,
3402,Flawil,33.6,,
3405,Jonschwil,23.9,,
3407,Oberuzwil,29.5,,
3408,Uzwil,30.7,,
3422,Niederbüren,24.3,,
3423,Niederhelfenschwil,22.5,,
3424,Oberbüren,27.1,,
3426,Zuzwil (SG),26.0,,
3427,Wil (SG),37.9,,
3441,Andwil (SG),23.8,,
3442,Gaiserwald,30.1,,
3443,Gossau (SG),34.7,,
3444,Waldkirch,23.6,,
3506,Vaz/Obervaz,41.8,,
3513,Lantsch/Lenz,42.0,,
3514,Schmitten (GR),38.9,,
3542,Albula/Alvra,37.5,,
3543,Surses,39.4,,
3544,Bergün Filisur,38.9,,
3551,Brusio,33.8,,
3561,Poschiavo,34.8,,
3572,Falera,29.7,,
3575,Laax,44.3,,
3581,Sagogn,34.2,,
3582,Schluein,39.1,,
3603,Vals,45.8,,
3618,Lumnezia,37.2,,
3619,Ilanz/Glion,36.9,,
3633,Fürstenau,34.6,,
3637,Rothenbrunnen,32.1,,
3638,Scharans,35.4,,
3640,Sils im Domleschg,30.3,,
3661,Cazis,32.2,,
3662,Flerden,34.0,,
3663,Masein,24.1,,
3668,Thusis,39.9,,
3669,Tschappina,17.9,,
3670,Urmein,33.8,,
3672,Safiental,33.0,,
3673,Domleschg,31.3,,
3681,Avers,41.3,,
3695,Sufers,31.0,,
3701,Andeer,37.6,,
3703,Casti-Wergenstein,31.8,,
3705,Donat,32.5,,
3707,Lohn (GR),34.6,,
3708,Mathon,51.9,,
3711,Rongellen,25.0,,
3712,Zillis-Reischen,38.8,,
3713,Ferrera,46.5,,
3714,Rheinwald,40.3,,
3721,Bonaduz,33.0,,
3722,Domat/Ems,31.4,,
3723,Rhäzüns,27.0,,
3731,Felsberg,28.3,,
3732,Flims,43.3,,
3733,Tamins,31.2,,
3734,Trin,36.1,,
3746,Zernez,36.5,,
3752,Samnaun,42.5,,
3762,Scuol,37.6,,
3764,Valsot,31.6,,
3781,Bever,44.4,,
3782,Celerina/Schlarigna,42.4,,
3783,Madulain,29.3,,
3784,Pontresina,43.2,,
3785,La Punt-Chamues-ch,41.7,,
3786,Samedan,43.6,,
3787,St. Moritz,51.0,,
3788,S-chanf,40.7,,
3789,Sils im Engadin/Segl,47.9,,
3790,Silvaplana,51.8,,
3791,Zuoz,39.8,,
3792,Bregaglia,41.3,,
3804,Buseno,51.0,,
3805,Castaneda,41.9,,
3808,Rossa,50.0,,
3810,Santa Maria in Calanca,48.4,,
3821,Lostallo,31.7,,
3822,Mesocco,43.7,,
3823,Soazza,38.4,,
3831,Cama,35.4,,
3832,Grono,38.8,,
3834,Roveredo (GR),34.3,,
3835,San Vittore,37.9,,
3837,Calanca,44.0,,
3847,Val Müstair,38.9,,
3851,Davos,43.9,,
3861,Fideris,32.8,,
3862,Furna,25.3,,
3863,Jenaz,31.1,,
3871,Klosters-Serneus,41.7,,
3881,Conters im Prättigau,36.5,,
3882,Küblis,38.9,,
3891,Luzein,29.8,,
3901,Chur,43.8,,
3911,Churwalden,41.7,,
3921,Arosa,50.1,,
3926,Maladers,35.0,,
3932,Tschiertschen-Praden,34.3,,
3941,Haldenstein,33.1,,
3945,Trimmis,29.2,,
3946,Untervaz,29.9,,
3947,Zizers,33.9,,
3951,Fläsch,33.1,,
3952,Jenins,29.4,,
3953,Maienfeld,34.3,,
3954,Malans,29.6,,
3955,Landquart,32.3,,
3961,Grüsch,32.0,,
3962,Schiers,34.1,,
3972,Seewis im Prättigau,29.3,,
3981,Breil/Brigels,35.3,,
3982,Disentis/Mustér,38.4,,
3983,Medel (Lucmagn),35.6,,
3985,Sumvitg,32.4,,
3986,Tujetsch,42.0,,
3987,Trun,39.2,,
3988,Obersaxen Mundaun,32.9,,
4001,Aarau,42.3,,
4002,Biberstein,25.8,,
4003,Buchs (AG),34.2,,
4004,Densbüren,27.4,,
4005,Erlinsbach (AG),27.8,,
4006,Gränichen,28.6,,
4007,Hirschthal,28.3,,
4008,Küttigen,31.1,,
4009,Muhen,27.7,,
4010,Oberentfelden,33.7,,
4012,Suhr,35.8,,
4013,Unterentfelden,34.3,,
4021,Baden,39.8,,
4022,Bellikon,31.2,,
4023,Bergdietikon,28.4,,
4024,Birmenstorf (AG),26.7,,
4026,Ennetbaden,35.1,,
4027,Fislisbach,34.4,,
4028,Freienwil,22.5,,
4029,Gebenstorf,31.3,,
4030,Killwangen,22.3,,
4031,Künten,26.2,,
4032,Mägenwil,27.1,,
4033,Mellingen,32.9,,
4034,Neuenhof,33.9,,
4035,Niederrohrdorf,32.1,,
4037,Oberrohrdorf,30.3,,
4038,Obersiggenthal,35.2,,
4039,Remetschwil,22.9,,
4040,Spreitenbach,32.0,,
4041,Stetten (AG),23.6,,
4042,Turgi,39.8,,
4044,Untersiggenthal,31.1,,
4045,Wettingen,40.2,,
4046,Wohlenschwil,28.1,,
4047,Würenlingen,28.7,,
4048,Würenlos,27.9,,
4049,Ehrendingen,28.6,,
4061,Arni (AG),22.2,,
4062,Berikon,32.5,,
4063,Bremgarten (AG),36.3,,
4064,Büttikon,23.8,,
4065,Dottikon,32.4,,
4066,Eggenwil,24.8,,
4067,Fischbach-Göslikon,27.4,,
4068,Hägglingen,28.8,,
4071,Jonen,25.0,,
4072,Niederwil (AG),24.4,,
4073,Oberlunkhofen,29.8,,
4074,Oberwil-Lieli,29.6,,
4075,Rudolfstetten-Friedlisberg,30.2,,
4076,Sarmenstorf,26.6,,
4077,Tägerig,24.3,,
4078,Uezwil,26.7,,
4079,Unterlunkhofen,31.1,,
4080,Villmergen,30.6,,
4081,Widen,29.9,,
4082,Wohlen (AG),32.7,,
4083,Zufikon,27.7,,
4084,Islisberg,25.7,,
4091,Auenstein,28.5,,
4092,Birr,26.6,,
4093,Birrhard,24.8,,
4094,Bözen,33.4,,
4095,Brugg,35.5,,
4096,Effingen,23.7,,
4097,Elfingen,24.2,,
4099,Habsburg,29.0,,
4100,Hausen (AG),29.2,,
4104,Lupfig,32.7,,
4105,Mandach,31.5,,
4106,Mönthal,21.8,,
4107,Mülligen,29.9,,
4110,Remigen,29.7,,
4111,Riniken,30.1,,
4112,Rüfenach,17.3,,
4114,Schinznach-Bad,34.2,,
4117,Thalheim (AG),25.0,,
4120,Veltheim (AG),26.5,,
4121,Villigen,32.2,,
4122,Villnachern,23.5,,
4123,Windisch,35.9,,
4124,Bözberg,28.1,,
4125,Schinznach,28.4,,
4131,Beinwil am See,31.3,,
4132,Birrwil,34.4,,
4133,Burg (AG),35.8,,
4134,Dürrenäsch,27.3,,
4135,Gontenschwil,30.2,,
4136,Holziken,33.8,,
4137,Leimbach (AG),24.6,,
4138,Leutwil,27.2,,
4139,Menziken,33.5,,
4140,Oberkulm,27.6,,
4141,Reinach (AG),35.2,,
4142,Schlossrued,29.7,,
4143,Schmiedrued,29.6,,
4144,Schöftland,34.6,,
4145,Teufenthal (AG),33.7,,
4146,Unterkulm,30.1,,
4147,Zetzwil,29.5,,
4161,Eiken,29.2,,
4163,Frick,31.9,,
4164,Gansingen,27.3,,
4165,Gipf-Oberfrick,30.6,,
4166,Herznach,26.0,,
4167,Hornussen,30.6,,
4169,Kaisten,30.2,,
4170,Laufenburg,32.5,,
4172,Münchwilen (AG),33.2,,
4173,Oberhof,29.2,,
4175,Oeschgen,28.4,,
4176,Schwaderloch,30.5,,
4177,Sisseln,29.7,,
4179,Ueken,28.8,,
4181,Wittnau,28.0,,
4182,Wölflinswil,33.2,,
4183,Zeihen,28.0,,
4184,Mettauertal,30.2,,
4191,Ammerswil,24.2,,
4192,Boniswil,31.1,,
4193,Brunegg,27.5,,
4194,Dintikon,24.6,,
4195,Egliswil,31.5,,
4196,Fahrwangen,34.3,,
4197,Hallwil,32.0,,
4198,Hendschiken,28.8,,
4199,Holderbank (AG),35.9,,
4200,Hunzenschwil,32.0,,
4201,Lenzburg,39.0,,
4202,Meisterschwanden,29.7,,
4203,Möriken-Wildegg,28.6,,
4204,Niederlenz,27.1,,
4205,Othmarsingen,27.1,,
4206,Rupperswil,30.5,,
4207,Schafisheim,25.3,,
4208,Seengen,29.7,,
4209,Seon,31.0,,
4210,Staufen,34.0,,
4221,Abtwil,22.0,,
4222,Aristau,29.7,,
4223,Auw,25.2,,
4224,Beinwil (Freiamt),29.9,,
4226,Besenbüren,21.8,,
4227,Bettwil,31.7,,
4228,Boswil,31.9,,
4229,Bünzen,31.0,,
4230,Buttwil,22.3,,
4231,Dietwil,30.5,,
4232,Geltwil,21.4,,
4233,Kallern,14.9,,
4234,Merenschwand,24.3,,
4235,Mühlau,31.5,,
4236,Muri (AG),33.0,,
4237,Oberrüti,21.4,,
4238,Rottenschwil,29.3,,
4239,Sins,26.1,,
4240,Waltenschwil,26.7,,
4251,Hellikon,24.6,,
4252,Kaiseraugst,32.8,,
4253,Magden,26.4,,
4254,Möhlin,29.3,,
4255,Mumpf,30.5,,
4256,Obermumpf,29.6,,
4257,Olsberg,23.3,,
4258,Rheinfelden,38.4,,
4259,Schupfart,26.9,,
4260,Stein (AG),35.0,,
4261,Wallbach,28.7,,
4262,Wegenstetten,25.6,,
4263,Zeiningen,26.4,,
4264,Zuzgen,24.1,,
4271,Aarburg,35.7,,
4273,Bottenwil,23.7,,
4274,Brittnau,28.0,,
4275,Kirchleerau,33.0,,
4276,Kölliken,30.2,,
4277,Moosleerau,29.2,,
4279,Murgenthal,29.2,,
4280,Oftringen,32.9,,
4281,Reitnau,29.5,,
4282,Rothrist,29.8,,
4283,Safenwil,32.2,,
4284,Staffelbach,31.0,,
4285,Strengelbach,34.3,,
4286,Uerkheim,29.4,,
4287,Vordemwald,24.8,,
4288,Wiliberg,26.4,,
4289,Zofingen,39.2,,
4301,Baldingen,20.0,,
4302,Böbikon,19.2,,
4303,Böttstein,30.1,,
4304,Döttingen,32.5,,
4305,Endingen,27.0,,
4306,Fisibach,18.9,,
4307,Full-Reuenthal,24.4,,
4308,Kaiserstuhl,38.0,,
4309,Klingnau,31.6,,
4310,Koblenz,34.5,,
4311,Leibstadt,32.3,,
4312,Lengnau (AG),25.6,,
4313,Leuggern,28.1,,
4314,Mellikon,22.8,,
4315,Rekingen (AG),26.1,,
4316,Rietheim,27.1,,
4317,Rümikon,32.9,,
4318,Schneisingen,28.7,,
4319,Siglistorf,29.2,,
4320,Tegerfelden,31.6,,
4322,Wislikofen,24.8,,
4323,Bad Zurzach,36.3,,
4401,Arbon,40.0,,
4406,Dozwil,22.9,,
4411,Egnach,24.6,,
4416,Hefenhofen,27.4,,
4421,Horn,38.0,,
4426,Kesswil,28.4,,
4431,Roggwil (TG),22.1,,
4436,Romanshorn,36.9,,
4441,Salmsach,29.7,,
4446,Sommeri,33.3,,
4451,Uttwil,29.3,,
4461,Amriswil,35.0,,
4471,Bischofszell,36.5,,
4476,Erlen,26.3,,
4486,Hauptwil-Gottshaus,28.1,,
4495,Hohentannen,28.3,,
4501,Kradolf-Schönenberg,34.1,,
4506,Sulgen,33.3,,
4511,Zihlschlacht-Sitterdorf,27.5,,
4536,Basadingen-Schlattingen,25.9,,
4545,Diessenhofen,37.8,,
4546,Schlatt (TG),27.7,,
4551,Aadorf,30.5,,
4561,Felben-Wellhausen,28.5,,
4566,Frauenfeld,37.9,,
4571,Gachnang,25.7,,
4590,Hüttlingen,25.0,,
4591,Matzingen,28.7,,
4601,Neunforn,22.0,,
4606,Stettfurt,25.1,,
4611,Thundorf,27.4,,
4616,Uesslingen-Buch,25.2,,
4621,Warth-Weiningen,26.3,,
4641,Altnau,30.0,,
4643,Bottighofen,31.1,,
4646,Ermatingen,33.7,,
4651,Gottlieben,47.1,,
4656,Güttingen,32.4,,
4666,Kemmental,25.6,,
4671,Kreuzlingen,40.8,,
4681,Langrickenbach,27.3,,
4683,Lengwil,22.0,,
4691,Münsterlingen,32.9,,
4696,Tägerwilen,28.8,,
4701,Wäldi,28.5,,
4711,Affeltrangen,26.8,,
4716,Bettwiesen,29.0,,
4721,Bichelsee-Balterswil,28.5,,
4723,Braunau,22.3,,
4724,Eschlikon,29.6,,
4726,Fischingen,28.9,,
4741,Lommis,24.4,,
4746,Münchwilen (TG),31.4,,
4751,Rickenbach (TG),36.2,,
4756,Schönholzerswilen,22.0,,
4761,Sirnach,33.5,,
4776,Tobel-Tägerschen,29.2,,
4781,Wängi,26.2,,
4786,Wilen (TG),24.6,,
4791,Wuppenau,27.2,,
4801,Berlingen,37.7,,
4806,Eschenz,30.0,,
4811,Herdern,26.3,,
4816,Homburg,23.2,,
4821,Hüttwilen,26.4,,
4826,Mammern,36.7,,
4831,Müllheim,30.7,,
4841,Pfyn,26.5,,
4846,Raperswilen,29.4,,
4851,Salenstein,33.9,,
4864,Steckborn,39.0,,
4871,Wagenhausen,33.7,,
4881,Amlikon-Bissegg,24.0,,
4891,Berg (TG),28.7,,
4901,Birwinken,26.8,,
4911,Bürglen (TG),32.3,,
4921,Bussnang,24.3,,
4941,Märstetten,30.2,,
4946,Weinfelden,37.2,,
4951,Wigoltingen,28.2,,
5001,Arbedo-Castione,37.4,,
5002,Bellinzona,38.0,,
5003,Cadenazzo,32.7,,
5009,Isone,37.6,,
5010,Lumino,34.4,,
5017,Sant'Antonino,29.7,,
5048,Acquarossa,41.1,,
5049,Blenio,40.7,,
5050,Serravalle,37.2,,
5061,Airolo,44.2,,
5063,Bedretto,58.6,,
5064,Bodio,41.7,,
5071,Dalpe,37.7,,
5072,Faido,40.2,,
5073,Giornico,41.5,,
5076,Personico,40.8,,
5077,Pollegio,34.9,,
5078,Prato (Leventina),38.9,,
5079,Quinto,39.1,,
5091,Ascona,48.3,,
5095,Brione (Verzasca),42.2,,
5096,Brione sopra Minusio,38.6,,
5097,Brissago,49.1,,
5102,Corippo,87.5,,
5105,Frasco,41.2,,
5108,Gordola,34.7,,
5112,Lavertezzo,32.8,,
5113,Locarno,45.6,,
5115,Losone,37.2,,
5117,Mergoscia,41.0,,
5118,Minusio,43.4,,
5120,Muralto,53.4,,
5121,Orselina,48.4,,
5125,Ronco sopra Ascona,50.3,,
5129,Sonogno,51.2,,
5131,Tenero-Contra,40.1,,
5135,Vogorno,44.0,,
5136,Onsernone,46.4,,
5138,Cugnasco-Gerra,29.5,,
5141,Agno,38.0,,
5143,Aranno,35.9,,
5144,Arogno,38.6,,
5146,Astano,44.4,,
5148,Bedano,26.8,,
5149,Bedigliora,34.1,,
5151,Bioggio,33.6,,
5154,Bissone,40.5,,
5160,Brusino Arsizio,41.4,,
5161,Cademario,38.4,,
5162,Cadempino,29.2,,
5167,Canobbio,36.0,,
5171,Caslano,38.8,,
5176,Comano,32.6,,
5178,Croglio,39.8,,
5180,Cureglia,32.9,,
5181,Curio,38.9,,
5186,Grancia,32.2,,
5187,Gravesano,29.6,,
5189,Lamone,38.4,,
5192,Lugano,44.8,,
5193,Magliaso,35.8,,
5194,Manno,26.9,,
5195,Maroggia,41.5,,
5196,Massagno,45.8,,
5197,Melano,37.3,,
5198,Melide,41.4,,
5199,Mezzovico-Vira,27.7,,
5200,Miglieglia,28.0,,
5202,Monteggio,36.6,,
5203,Morcote,51.1,,
5205,Muzzano,33.1,,
5206,Neggio,35.8,,
5207,Novaggio,39.2,,
5208,Origlio,30.4,,
5210,Paradiso,52.4,,
5212,Ponte Capriasca,30.1,,
5213,Ponte Tresa,49.5,,
5214,Porza,33.5,,
5216,Pura,35.0,,
5219,Rovio,34.9,,
5221,Savosa,37.1,,
5222,Sessa,39.9,,
5225,Sorengo,37.1,,
5226,Capriasca,33.6,,
5227,Torricella-Taverne,28.2,,
5230,Vernate,37.5,,
5231,Vezia,37.3,,
5233,Vico Morcote,38.8,,
5236,Collina d'Oro,33.1,,
5237,Alto Malcantone,34.6,,
5238,Monteceneri,32.3,,
5242,Balerna,43.8,,
5249,Castel San Pietro,33.6,,
5250,Chiasso,52.2,,
5251,Coldrerio,35.1,,
5254,Mendrisio,39.6,,
5257,Morbio Inferiore,33.7,,
5260,Novazzano,31.1,,
5263,Riva San Vitale,35.7,,
5266,Stabio,31.0,,
5268,Vacallo,37.3,,
5269,Breggia,36.7,,
5281,Biasca,34.8,,
5287,Riviera,32.8,,
5304,Bosco/Gurin,53.6,,
5307,Campo (Vallemaggia),68.8,,
5309,Cerentino,61.5,,
5310,Cevio,42.6,,
5315,Linescio,61.5,,
5317,Maggia,35.3,,
5323,Lavizzara,40.7,,
5324,Avegno Gordevio,32.0,,
5396,Terre di Pedemonte,31.7,,
5397,Centovalli,43.5,,
5398,Gambarogno,37.8,,
5401,Aigle,37.8,,
5402,Bex,38.8,,
5403,Chessel,32.6,,
5404,Corbeyrier,37.5,,
5405,Gryon,41.6,,
5406,Lavey-Morcles,41.6,,
5407,Leysin,46.2,,
5408,Noville,25.0,,
5409,Ollon,35.5,,
5410,Ormont-Dessous,44.3,,
5411,Ormont-Dessus,42.3,,
5412,Rennaz,34.0,,
5413,Roche (VD),31.3,,
5414,Villeneuve (VD),36.1,,
5415,Yvorne,32.8,,
5421,Apples,29.5,,
5422,Aubonne,32.9,,
5423,Ballens,25.5,,
5424,Berolle,25.2,,
5425,Bière,32.5,,
5426,Bougy-Villars,28.0,,
5427,Féchy,24.7,,
5428,Gimel,31.2,,
5429,Longirod,29.3,,
5430,Marchissy,27.6,,
5431,Mollens (VD),21.0,,
5432,Montherod,27.0,,
5434,Saint-George,29.3,,
5435,Saint-Livres,31.1,,
5436,Saint-Oyens,18.3,,
5437,Saubraz,19.9,,
5451,Avenches,35.0,,
5456,Cudrefin,30.4,,
5458,Faoug,35.2,,
5464,Vully-les-Lacs,32.5,,
5471,Bettens,30.0,,
5472,Bournens,27.3,,
5473,Boussens,17.9,,
5474,La Chaux (Cossonay),24.8,,
5475,Chavannes-le-Veyron,20.7,,
5476,Chevilly,26.5,,
5477,Cossonay,34.3,,
5478,Cottens (VD),20.7,,
5479,Cuarnens,27.7,,
5480,Daillens,24.0,,
5481,Dizy,24.1,,
5482,Eclépens,24.1,,
5483,Ferreyres,20.7,,
5484,Gollion,30.7,,
5485,Grancy,30.3,,
5486,L'Isle,33.4,,
5487,Lussery-Villars,32.9,,
5488,Mauraz,13.6,,
5489,Mex (VD),29.3,,
5490,Moiry,28.9,,
5491,Mont-la-Ville,25.0,,
5492,Montricher,29.4,,
5493,Orny,25.8,,
5494,Pampigny,26.4,,
5495,Penthalaz,30.7,,
5496,Penthaz,26.8,,
5497,Pompaples,34.3,,
5498,La Sarraz,32.7,,
5499,Senarclens,27.0,,
5500,Sévery,27.1,,
5501,Sullens,22.1,,
5503,Vufflens-la-Ville,26.2,,
5511,Assens,26.3,,
5512,Bercher,26.2,,
5513,Bioley-Orjulaz,23.2,,
5514,Bottens,23.9,,
5515,Bretigny-sur-Morrens,28.5,,
5516,Cugy (VD),25.8,,
5518,Echallens,29.9,,
5520,Essertines-sur-Yverdon,24.0,,
5521,Etagnières,30.4,,
5522,Fey,19.9,,
5523,Froideville,28.4,,
5527,Morrens (VD),23.6,,
5529,Oulens-sous-Echallens,25.1,,
5530,Pailly,25.5,,
5531,Penthéréaz,24.0,,
5533,Poliez-Pittet,24.5,,
5534,Rueyres,21.4,,
5535,Saint-Barthélemy (VD),22.0,,
5537,Villars-le-Terroir,22.8,,
5539,Vuarrens,20.3,,
5540,Montilliez,26.4,,
5541,Goumoëns,24.0,,
5551,Bonvillars,28.0,,
5552,Bullet,39.0,,
5553,Champagne,28.6,,
5554,Concise,31.5,,
5555,Corcelles-près-Concise,29.3,,
5556,Fiez,25.1,,
5557,Fontaines-sur-Grandson,27.4,,
5559,Giez,27.2,,
5560,Grandevent,23.9,,
5561,Grandson,35.0,,
5562,Mauborget,32.8,,
5563,Mutrux,25.5,,
5564,Novalles,22.0,,
5565,Onnens (VD),24.3,,
5566,Provence,40.3,,
5568,Sainte-Croix,49.7,,
5571,Tévenon,29.6,,
5581,Belmont-sur-Lausanne,25.7,,
5582,Cheseaux-sur-Lausanne,30.3,,
5583,Crissier,32.2,,
5584,Epalinges,32.7,,
5585,Jouxtens-Mézery,18.9,,
5586,Lausanne,47.7,,
5587,Le Mont-sur-Lausanne,25.3,,
5588,Paudex,38.9,,
5589,Prilly,44.0,,
5590,Pully,38.6,,
5591,Renens (VD),39.3,,
5592,Romanel-sur-Lausanne,35.2,,
5601,Chexbres,41.2,,
5604,Forel (Lavaux),29.7,,
5606,Lutry,34.8,,
5607,Puidoux,30.4,,
5609,Rivaz,32.9,,
5610,Saint-Saphorin (Lavaux),38.7,,
5611,Savigny,29.5,,
5613,Bourg-en-Lavaux,31.5,,
5621,Aclens,25.3,,
5622,Bremblens,21.4,,
5623,Buchillon,20.8,,
5624,Bussigny,30.3,,
5625,Bussy-Chardonney,25.2,,
5627,Chavannes-près-Renens,35.6,,
5628,Chigny,23.2,,
5629,Clarmont,36.0,,
5631,Denens,24.1,,
5632,Denges,32.8,,
5633,Echandens,38.1,,
5634,Echichens,23.8,,
5635,Ecublens (VD),35.8,,
5636,Etoy,25.5,,
5637,Lavigny,20.1,,
5638,Lonay,33.2,,
5639,Lully (VD),21.8,,
5640,Lussy-sur-Morges,24.2,,
5642,Morges,41.9,,
5643,Préverenges,33.2,,
5644,Reverolle,25.5,,
5645,Romanel-sur-Morges,15.5,,
5646,Saint-Prex,33.2,,
5648,Saint-Sulpice (VD),38.6,,
5649,Tolochenaz,31.9,,
5650,Vaux-sur-Morges,11.7,,
5651,Villars-Sainte-Croix,21.5,,
5652,Villars-sous-Yens,27.6,,
5653,Vufflens-le-Château,19.4,,
5654,Vullierens,32.0,,
5655,Yens,27.4,,
5661,Boulens,28.2,,
5663,Bussy-sur-Moudon,24.4,,
5665,Chavannes-sur-Moudon,28.2,,
5669,Curtilles,27.8,,
5671,Dompierre (VD),28.9,,
5673,Hermenches,27.0,,
5674,Lovatens,35.0,,
5675,Lucens,34.5,,
5678,Moudon,32.7,,
5680,Ogens,27.6,,
5683,Prévonloup,36.4,,
5684,Rossenges,25.0,,
5688,Syens,35.3,,
5690,Villars-le-Comte,30.2,,
5692,Vucherens,29.9,,
5693,Montanaire,31.8,,
5701,Arnex-sur-Nyon,18.6,,
5702,Arzier-Le Muids,21.6,,
5703,Bassins,24.8,,
5704,Begnins,31.4,,
5705,Bogis-Bossey,18.7,,
5706,Borex,27.2,,
5707,Chavannes-de-Bogis,21.3,,
5708,Chavannes-des-Bois,14.4,,
5709,Chéserex,29.6,,
5710,Coinsins,26.5,,
5711,Commugny,19.0,,
5712,Coppet,28.7,,
5713,Crans-près-Céligny,24.9,,
5714,Crassier,25.3,,
5715,Duillier,22.9,,
5716,Eysins,24.4,,
5717,Founex,21.4,,
5718,Genolier,19.9,,
5719,Gingins,28.7,,
5720,Givrins,20.6,,
5721,Gland,29.4,,
5722,Grens,17.7,,
5723,Mies,23.5,,
5724,Nyon,37.7,,
5725,Prangins,27.3,,
5726,La Rippe,24.5,,
5727,Saint-Cergue,40.4,,
5728,Signy-Avenex,29.5,,
5729,Tannay,17.6,,
5730,Trélex,18.0,,
5731,Le Vaud,19.9,,
5732,Vich,27.0,,
5741,L'Abergement,25.5,,
5742,Agiez,29.2,,
5743,Arnex-sur-Orbe,29.0,,
5744,Ballaigues,36.5,,
5745,Baulmes,33.3,,
5746,Bavois,31.7,,
5747,Bofflens,22.8,,
5748,Bretonnières,20.4,,
5749,Chavornay,30.7,,
5750,Les Clées,31.6,,
5752,Croy,37.7,,
5754,Juriens,32.5,,
5755,Lignerolle,21.3,,
5756,Montcherand,24.6,,
5757,Orbe,36.3,,
5758,La Praz,21.2,,
5759,Premier,32.3,,
5760,Rances,21.7,,
5761,Romainmôtier-Envy,32.9,,
5762,Sergey,16.4,,
5763,Valeyres-sous-Rances,22.1,,
5764,Vallorbe,39.1,,
5765,Vaulion,39.4,,
5766,Vuiteboeuf,29.8,,
5785,Corcelles-le-Jorat,38.8,,
5788,Essertes,31.2,,
5790,Maracon,32.6,,
5792,Montpreveyres,29.0,,
5798,Ropraz,24.9,,
5799,Servion,24.1,,
5803,Vulliens,27.9,,
5804,Jorat-Menthue,25.7,,
5805,Oron,32.5,,
5806,Jorat-Mézières,33.4,,
5812,Champtauroz,28.8,,
5813,Chevroux,31.0,,
5816,Corcelles-près-Payerne,33.1,,
5817,Grandcour,34.9,,
5819,Henniez,27.5,,
5821,Missy,28.9,,
5822,Payerne,37.4,,
5827,Trey,28.6,,
5828,Treytorrens (Payerne),34.8,,
5830,Villarzel,28.3,,
5831,Valbroye,30.0,,
5841,Château-d'Oex,40.8,,
5842,Rossinière,32.3,,
5843,Rougemont,41.9,,
5851,Allaman,28.9,,
5852,Bursinel,17.0,,
5853,Bursins,26.6,,
5854,Burtigny,25.7,,
5855,Dully,20.5,,
5856,Essertines-sur-Rolle,25.2,,
5857,Gilly,31.7,,
5858,Luins,31.8,,
5859,Mont-sur-Rolle,28.2,,
5860,Perroy,29.3,,
5861,Rolle,33.0,,
5862,Tartegnin,28.1,,
5863,Vinzel,25.0,,
5871,L'Abbaye,38.5,,
5872,Le Chenit,38.8,,
5873,Le Lieu,39.7,,
5881,Blonay,29.6,,
5882,Chardonne,36.8,,
5883,Corseaux,34.7,,
5884,Corsier-sur-Vevey,37.9,,
5885,Jongny,25.9,,
5886,Montreux,44.6,,
5888,Saint-Légier-La Chiésaz,25.9,,
5889,La Tour-de-Peilz,40.3,,
5890,Vevey,44.0,,
5891,Veytaux,52.6,,
5902,Belmont-sur-Yverdon,26.2,,
5903,Bioley-Magnoux,32.3,,
5904,Chamblon,27.1,,
5905,Champvent,22.9,,
5907,Chavannes-le-Chêne,37.1,,
5908,Chêne-Pâquier,27.8,,
5909,Cheseaux-Noréaz,16.2,,
5910,Cronay,26.3,,
5911,Cuarny,25.3,,
5912,Démoret,19.4,,
5913,Donneloye,27.3,,
5914,Ependes (VD),30.9,,
5919,Mathod,25.4,,
5921,Molondin,23.4,,
5922,Montagny-près-Yverdon,22.9,,
5923,Oppens,27.8,,
5924,Orges,30.1,,
5925,Orzens,31.6,,
5926,Pomy,21.5,,
5928,Rovray,23.0,,
5929,Suchy,19.6,,
5930,Suscévaz,26.7,,
5931,Treycovagnes,25.7,,
5932,Ursins,29.0,,
5933,Valeyres-sous-Montagny,24.7,,
5934,Valeyres-sous-Ursins,25.8,,
5935,Villars-Epeney,16.7,,
5937,Vugelles-La Mothe,24.5,,
5938,Yverdon-les-Bains,39.4,,
5939,Yvonand,34.2,,
6002,Brig-Glis,37.0,,
6004,Eggerberg,32.5,,
6007,Naters,34.9,,
6008,Ried-Brig,25.6,,
6009,Simplon,32.6,,
6010,Termen,26.3,,
6011,Zwischbergen,59.1,,
6021,Ardon,30.4,,
6022,Chamoson,35.2,,
6023,Conthey,31.6,,
6024,Nendaz,36.2,,
6025,Vétroz,30.0,,
6031,Bagnes,40.5,,
6032,Bourg-Saint-Pierre,34.1,,
6033,Liddes,33.9,,
6034,Orsières,35.5,,
6035,Sembrancher,45.3,,
6036,Vollèges,31.2,,
6052,Bellwald,37.5,,
6054,Binn,39.3,,
6056,Ernen,40.1,,
6057,Fiesch,41.4,,
6058,Fieschertal,26.7,,
6061,Lax,37.0,,
6076,Obergoms,39.5,,
6077,Goms,37.6,,
6082,Ayent,34.6,,
6083,Evolène,42.6,,
6084,Hérémence,38.8,,
6087,Saint-Martin (VS),38.8,,
6089,Vex,38.1,,
6090,Mont-Noble,45.2,,
6101,Agarn,30.6,,
6102,Albinen,43.4,,
6104,Ergisch,35.4,,
6109,Inden,45.6,,
6110,Leuk,32.7,,
6111,Leukerbad,46.1,,
6112,Oberems,48.2,,
6113,Salgesch,33.0,,
6116,Varen,32.9,,
6117,Guttet-Feschel,34.1,,
6118,Gampel-Bratsch,32.5,,
6119,Turtmann-Unterems,30.6,,
6131,Bovernier,33.4,,
6132,Charrat,28.7,,
6133,Fully,34.2,,
6134,Isérables,42.0,,
6135,Leytron,35.4,,
6136,Martigny,39.9,,
6137,Martigny-Combe,40.8,,
6139,Riddes,33.3,,
6140,Saillon,34.3,,
6141,Saxon,36.5,,
6142,Trient,32.8,,
6151,Champéry,43.3,,
6152,Collombey-Muraz,29.4,,
6153,Monthey,33.6,,
6154,Port-Valais,32.7,,
6155,Saint-Gingolph,41.3,,
6156,Troistorrents,33.2,,
6157,Val-d'Illiez,37.4,,
6158,Vionnaz,35.5,,
6159,Vouvry,31.8,,
6172,Bister,43.8,,
6173,Bitsch,27.2,,
6177,Grengiols,28.7,,
6181,Riederalp,32.1,,
6191,Ausserberg,30.9,,
6192,Blatten,31.8,,
6193,Bürchen,34.7,,
6194,Eischoll,34.3,,
6195,Ferden,36.8,,
6197,Kippel,32.1,,
6198,Niedergesteln,25.8,,
6199,Raron,29.3,,
6201,Unterbäch,28.6,,
6202,Wiler (Lötschen),33.2,,
6203,Mörel-Filet,32.3,,
6204,Steg-Hohtenn,33.3,,
6205,Bettmeralp,42.9,,
6211,Collonges,43.6,,
6212,Dorénaz,34.1,,
6213,Evionnaz,34.5,,
6214,Finhaut,42.7,,
6215,Massongex,32.4,,
6217,Saint-Maurice,32.0,,
6218,Salvan,41.6,,
6219,Vernayaz,34.6,,
6220,Vérossaz,30.8,,
6232,Chalais,35.2,,
6235,Chippis,32.4,,
6238,Grône,33.6,,
6239,Icogne,33.8,,
6240,Lens,38.6,,
6241,Miège,29.2,,
6246,Saint-Léonard,30.2,,
6248,Sierre,39.6,,
6249,Venthône,33.2,,
6250,Veyras,31.7,,
6252,Anniviers,41.6,,
6253,Crans-Montana,41.2,,
6261,Arbaz,34.9,,
6263,Grimisuat,28.6,,
6265,Savièse,33.2,,
6266,Sion,41.0,,
6267,Veysonnaz,36.9,,
6281,Baltschieder,24.2,,
6282,Eisten,37.1,,
6283,Embd,29.4,,
6285,Grächen,42.5,,
6286,Lalden,32.0,,
6287,Randa,36.5,,
6288,Saas-Almagell,35.3,,
6289,Saas-Balen,31.6,,
6290,Saas-Fee,45.9,,
6291,Saas-Grund,32.8,,
6292,St. Niklaus,29.8,,
6293,Stalden (VS),33.5,,
6294,Staldenried,30.4,,
6295,Täsch,34.1,,
6296,Törbel,30.8,,
6297,Visp,36.5,,
6298,Visperterminen,31.0,,
6299,Zeneggen,31.6,,
6300,Zermatt,46.6,,
6404,Boudry,36.6,,
6407,Corcelles-Cormondrèche,31.8,,
6408,Cortaillod,37.4,,
6412,Peseux,41.7,,
6413,Rochefort,30.1,,
6416,Milvignes,34.6,,
6417,La Grande Béroche,33.9,,
6421,La Chaux-de-Fonds,44.1,,
6422,Les Planchettes,28.9,,
6423,La Sagne,36.4,,
6431,Les Brenets,38.6,,
6432,La Brévine,35.1,,
6433,Brot-Plamboz,19.8,,
6434,Le Cerneux-Péquignot,25.0,,
6435,La Chaux-du-Milieu,25.5,,
6436,Le Locle,41.7,,
6437,Les Ponts-de-Martel,33.1,,
6451,Cornaux,34.1,,
6452,Cressier (NE),30.1,,
6453,Enges,29.3,,
6454,Hauterive (NE),39.7,,
6455,Le Landeron,38.5,,
6456,Lignières,32.4,,
6458,Neuchâtel,46.9,,
6459,Saint-Blaise,34.6,,
6461,La Tène,32.0,,
6485,Valangin,25.5,,
6487,Val-de-Ruz,31.2,,
6504,La Côte-aux-Fées,41.5,,
6511,Les Verrières,48.1,,
6512,Val-de-Travers,41.8,,
6601,Aire-la-Ville,17.0,,
6602,Anières,19.3,,
6603,Avully,25.2,,
6604,Avusy,18.6,,
6605,Bardonnex,27.0,,
6606,Bellevue,20.8,,
6607,Bernex,26.4,,
6608,Carouge (GE),38.6,,
6609,Cartigny,18.8,,
6610,Céligny,26.2,,
6611,Chancy,20.8,,
6612,Chêne-Bougeries,30.9,,
6613,Chêne-Bourg,34.1,,
6614,Choulex,26.6,,
6615,Collex-Bossy,18.6,,
6616,Collonge-Bellerive,21.1,,
6617,Cologny,27.7,,
6618,Confignon,22.1,,
6619,Corsier (GE),24.2,,
6620,Dardagny,26.3,,
6621,Genève,44.6,,
6622,Genthod,19.2,,
6623,Le Grand-Saconnex,29.5,,
6624,Gy,21.1,,
6625,Hermance,24.7,,
6626,Jussy,23.3,,
6627,Laconnex,13.5,,
6628,Lancy,31.6,,
6629,Meinier,30.0,,
6630,Meyrin,30.7,,
6631,Onex,34.1,,
6632,Perly-Certoux,29.1,,
6633,Plan-les-Ouates,20.9,,
6634,Pregny-Chambésy,22.4,,
6635,Presinge,29.0,,
6636,Puplinge,27.7,,
6637,Russin,19.2,,
6638,Satigny,22.7,,
6639,Soral,21.1,,
6640,Thônex,32.8,,
6641,Troinex,21.1,,
6642,Vandoeuvres,20.9,,
6643,Vernier,31.0,,
6644,Versoix,28.4,,
6645,Veyrier,21.4,,
6702,Boécourt,29.5,,
6703,Bourrignon,28.8,,
6704,Châtillon (JU),26.7,,
6706,Courchapoix,35.7,,
6708,Courrendlin,33.3,,
6709,Courroux,31.6,,
6710,Courtételle,31.5,,
6711,Delémont,42.0,,
6712,Develier,27.2,,
6713,Ederswiler,43.6,,
6715,Mervelier,24.5,,
6716,Mettembert,32.6,,
6718,Movelier,30.6,,
6719,Pleigne,35.3,,
6721,Rossemaison,21.3,,
6722,Saulcy,26.3,,
6724,Soyhières,35.8,,
6729,Haute-Sorne,31.5,,
6730,Val Terbi,27.8,,
6741,Le Bémont (JU),25.4,,
6742,Les Bois,31.3,,
6743,Les Breuleux,37.5,,
6744,La Chaux-des-Breuleux,25.0,,
6745,Les Enfers,32.7,,
6748,Les Genevez (JU),35.5,,
6750,Lajoux (JU),33.1,,
6751,Montfaucon,30.9,,
6753,Muriaux,34.0,,
6754,Le Noirmont,35.4,,
6757,Saignelégier,37.5,,
6758,Saint-Brais,35.9,,
6759,Soubey,43.1,,
6771,Alle,33.1,,
6773,Beurnevésin,42.6,,
6774,Boncourt,39.5,,
6775,Bonfol,43.9,,
6778,Bure,32.0,,
6781,Coeuve,25.9,,
6782,Cornol,33.5,,
6783,Courchavon,29.8,,
6784,Courgenay,35.4,,
6785,Courtedoux,28.2,,
6787,Damphreux,33.3,,
6789,Fahy,31.8,,
6790,Fontenais,31.3,,
6792,Grandfontaine,29.9,,
6793,Lugnez,33.3,,
6800,Porrentruy,47.5,,
6806,Vendlincourt,29.4,,
6807,Basse-Allaine,37.0,,
6808,Clos du Doubs,41.0,,
6809,Haute-Ajoie,36.3,,
6810,La Baroche,36.0,,